repo,fechado_em,estado,reviews,comentarios,participantes,tamanho,descricao,criado_em,id
https://github.com/PanJiaChen/vue-element-admin,2017-12-13T09:43:03Z,MERGED,1,0,2,309,64,2017-12-12T01:54:38Z,MDExOlB1bGxSZXF1ZXN0MTU3NzE4MTQz
https://github.com/PanJiaChen/vue-element-admin,2018-05-02T02:27:48Z,MERGED,1,0,2,4,69,2018-04-25T06:29:46Z,MDExOlB1bGxSZXF1ZXN0MTgzOTM1NDk5
https://github.com/PanJiaChen/vue-element-admin,2018-06-01T07:38:09Z,MERGED,1,3,2,3,179,2018-06-01T06:30:53Z,MDExOlB1bGxSZXF1ZXN0MTkxOTQ1MDc3
https://github.com/PanJiaChen/vue-element-admin,2018-11-02T07:07:40Z,MERGED,2,2,2,22,20,2018-11-02T04:20:06Z,MDExOlB1bGxSZXF1ZXN0MjI3ODI3NTUw
https://github.com/PanJiaChen/vue-element-admin,2019-01-24T07:32:36Z,MERGED,3,1,2,7,54,2019-01-23T05:33:05Z,MDExOlB1bGxSZXF1ZXN0MjQ2ODQzNzA4
https://github.com/PanJiaChen/vue-element-admin,2019-03-17T08:36:10Z,MERGED,2,1,2,50,54,2019-03-15T10:04:27Z,MDExOlB1bGxSZXF1ZXN0MjYxNDg5MjY5
https://github.com/PanJiaChen/vue-element-admin,2019-04-16T06:56:08Z,MERGED,1,0,3,8,0,2019-04-16T03:33:57Z,MDExOlB1bGxSZXF1ZXN0MjcwNzQyMjEx
https://github.com/PanJiaChen/vue-element-admin,2019-05-20T03:10:31Z,MERGED,2,1,2,2,435,2019-05-09T16:33:28Z,MDExOlB1bGxSZXF1ZXN0Mjc3NDYzOTEx
https://github.com/PanJiaChen/vue-element-admin,2020-05-04T13:38:44Z,MERGED,2,1,2,75,0,2019-10-09T15:07:41Z,MDExOlB1bGxSZXF1ZXN0MzI2MzA0Njkz
https://github.com/PanJiaChen/vue-element-admin,2017-12-13T09:43:03Z,MERGED,1,0,2,309,64,2017-12-12T01:54:38Z,MDExOlB1bGxSZXF1ZXN0MTU3NzE4MTQz
https://github.com/PanJiaChen/vue-element-admin,2018-05-02T02:27:48Z,MERGED,1,0,2,4,69,2018-04-25T06:29:46Z,MDExOlB1bGxSZXF1ZXN0MTgzOTM1NDk5
https://github.com/PanJiaChen/vue-element-admin,2018-06-01T07:38:09Z,MERGED,1,3,2,3,179,2018-06-01T06:30:53Z,MDExOlB1bGxSZXF1ZXN0MTkxOTQ1MDc3
https://github.com/PanJiaChen/vue-element-admin,2018-11-02T07:07:40Z,MERGED,2,2,2,22,20,2018-11-02T04:20:06Z,MDExOlB1bGxSZXF1ZXN0MjI3ODI3NTUw
https://github.com/PanJiaChen/vue-element-admin,2019-01-24T07:32:36Z,MERGED,3,1,2,7,54,2019-01-23T05:33:05Z,MDExOlB1bGxSZXF1ZXN0MjQ2ODQzNzA4
https://github.com/PanJiaChen/vue-element-admin,2019-03-17T08:36:10Z,MERGED,2,1,2,50,54,2019-03-15T10:04:27Z,MDExOlB1bGxSZXF1ZXN0MjYxNDg5MjY5
https://github.com/PanJiaChen/vue-element-admin,2019-04-16T06:56:08Z,MERGED,1,0,3,8,0,2019-04-16T03:33:57Z,MDExOlB1bGxSZXF1ZXN0MjcwNzQyMjEx
https://github.com/PanJiaChen/vue-element-admin,2019-05-20T03:10:31Z,MERGED,2,1,2,2,435,2019-05-09T16:33:28Z,MDExOlB1bGxSZXF1ZXN0Mjc3NDYzOTEx
https://github.com/PanJiaChen/vue-element-admin,2020-05-04T13:38:44Z,MERGED,2,1,2,75,0,2019-10-09T15:07:41Z,MDExOlB1bGxSZXF1ZXN0MzI2MzA0Njkz
https://github.com/PanJiaChen/vue-element-admin,2017-12-13T09:43:03Z,MERGED,1,0,2,309,64,2017-12-12T01:54:38Z,MDExOlB1bGxSZXF1ZXN0MTU3NzE4MTQz
https://github.com/PanJiaChen/vue-element-admin,2018-05-02T02:27:48Z,MERGED,1,0,2,4,69,2018-04-25T06:29:46Z,MDExOlB1bGxSZXF1ZXN0MTgzOTM1NDk5
https://github.com/PanJiaChen/vue-element-admin,2018-06-01T07:38:09Z,MERGED,1,3,2,3,179,2018-06-01T06:30:53Z,MDExOlB1bGxSZXF1ZXN0MTkxOTQ1MDc3
https://github.com/PanJiaChen/vue-element-admin,2018-11-02T07:07:40Z,MERGED,2,2,2,22,20,2018-11-02T04:20:06Z,MDExOlB1bGxSZXF1ZXN0MjI3ODI3NTUw
https://github.com/PanJiaChen/vue-element-admin,2019-01-24T07:32:36Z,MERGED,3,1,2,7,54,2019-01-23T05:33:05Z,MDExOlB1bGxSZXF1ZXN0MjQ2ODQzNzA4
https://github.com/PanJiaChen/vue-element-admin,2019-03-17T08:36:10Z,MERGED,2,1,2,50,54,2019-03-15T10:04:27Z,MDExOlB1bGxSZXF1ZXN0MjYxNDg5MjY5
https://github.com/PanJiaChen/vue-element-admin,2019-04-16T06:56:08Z,MERGED,1,0,3,8,0,2019-04-16T03:33:57Z,MDExOlB1bGxSZXF1ZXN0MjcwNzQyMjEx
https://github.com/PanJiaChen/vue-element-admin,2019-05-20T03:10:31Z,MERGED,2,1,2,2,435,2019-05-09T16:33:28Z,MDExOlB1bGxSZXF1ZXN0Mjc3NDYzOTEx
https://github.com/PanJiaChen/vue-element-admin,2020-05-04T13:38:44Z,MERGED,2,1,2,75,0,2019-10-09T15:07:41Z,MDExOlB1bGxSZXF1ZXN0MzI2MzA0Njkz
https://github.com/PanJiaChen/vue-element-admin,2017-12-13T09:43:03Z,MERGED,1,0,2,309,64,2017-12-12T01:54:38Z,MDExOlB1bGxSZXF1ZXN0MTU3NzE4MTQz
https://github.com/PanJiaChen/vue-element-admin,2018-05-02T02:27:48Z,MERGED,1,0,2,4,69,2018-04-25T06:29:46Z,MDExOlB1bGxSZXF1ZXN0MTgzOTM1NDk5
https://github.com/PanJiaChen/vue-element-admin,2018-06-01T07:38:09Z,MERGED,1,3,2,3,179,2018-06-01T06:30:53Z,MDExOlB1bGxSZXF1ZXN0MTkxOTQ1MDc3
https://github.com/PanJiaChen/vue-element-admin,2018-11-02T07:07:40Z,MERGED,2,2,2,22,20,2018-11-02T04:20:06Z,MDExOlB1bGxSZXF1ZXN0MjI3ODI3NTUw
https://github.com/PanJiaChen/vue-element-admin,2019-01-24T07:32:36Z,MERGED,3,1,2,7,54,2019-01-23T05:33:05Z,MDExOlB1bGxSZXF1ZXN0MjQ2ODQzNzA4
https://github.com/PanJiaChen/vue-element-admin,2019-03-17T08:36:10Z,MERGED,2,1,2,50,54,2019-03-15T10:04:27Z,MDExOlB1bGxSZXF1ZXN0MjYxNDg5MjY5
https://github.com/PanJiaChen/vue-element-admin,2019-04-16T06:56:08Z,MERGED,1,0,3,8,0,2019-04-16T03:33:57Z,MDExOlB1bGxSZXF1ZXN0MjcwNzQyMjEx
https://github.com/PanJiaChen/vue-element-admin,2019-05-20T03:10:31Z,MERGED,2,1,2,2,435,2019-05-09T16:33:28Z,MDExOlB1bGxSZXF1ZXN0Mjc3NDYzOTEx
https://github.com/PanJiaChen/vue-element-admin,2020-05-04T13:38:44Z,MERGED,2,1,2,75,0,2019-10-09T15:07:41Z,MDExOlB1bGxSZXF1ZXN0MzI2MzA0Njkz
https://github.com/PanJiaChen/vue-element-admin,2017-12-13T09:43:03Z,MERGED,1,0,2,309,64,2017-12-12T01:54:38Z,MDExOlB1bGxSZXF1ZXN0MTU3NzE4MTQz
https://github.com/PanJiaChen/vue-element-admin,2018-05-02T02:27:48Z,MERGED,1,0,2,4,69,2018-04-25T06:29:46Z,MDExOlB1bGxSZXF1ZXN0MTgzOTM1NDk5
https://github.com/PanJiaChen/vue-element-admin,2018-06-01T07:38:09Z,MERGED,1,3,2,3,179,2018-06-01T06:30:53Z,MDExOlB1bGxSZXF1ZXN0MTkxOTQ1MDc3
https://github.com/PanJiaChen/vue-element-admin,2018-11-02T07:07:40Z,MERGED,2,2,2,22,20,2018-11-02T04:20:06Z,MDExOlB1bGxSZXF1ZXN0MjI3ODI3NTUw
https://github.com/PanJiaChen/vue-element-admin,2019-01-24T07:32:36Z,MERGED,3,1,2,7,54,2019-01-23T05:33:05Z,MDExOlB1bGxSZXF1ZXN0MjQ2ODQzNzA4
https://github.com/PanJiaChen/vue-element-admin,2019-03-17T08:36:10Z,MERGED,2,1,2,50,54,2019-03-15T10:04:27Z,MDExOlB1bGxSZXF1ZXN0MjYxNDg5MjY5
https://github.com/PanJiaChen/vue-element-admin,2019-04-16T06:56:08Z,MERGED,1,0,3,8,0,2019-04-16T03:33:57Z,MDExOlB1bGxSZXF1ZXN0MjcwNzQyMjEx
https://github.com/PanJiaChen/vue-element-admin,2019-05-20T03:10:31Z,MERGED,2,1,2,2,435,2019-05-09T16:33:28Z,MDExOlB1bGxSZXF1ZXN0Mjc3NDYzOTEx
https://github.com/PanJiaChen/vue-element-admin,2020-05-04T13:38:44Z,MERGED,2,1,2,75,0,2019-10-09T15:07:41Z,MDExOlB1bGxSZXF1ZXN0MzI2MzA0Njkz
https://github.com/PanJiaChen/vue-element-admin,2017-12-13T09:43:03Z,MERGED,1,0,2,309,64,2017-12-12T01:54:38Z,MDExOlB1bGxSZXF1ZXN0MTU3NzE4MTQz
https://github.com/PanJiaChen/vue-element-admin,2018-05-02T02:27:48Z,MERGED,1,0,2,4,69,2018-04-25T06:29:46Z,MDExOlB1bGxSZXF1ZXN0MTgzOTM1NDk5
https://github.com/PanJiaChen/vue-element-admin,2018-06-01T07:38:09Z,MERGED,1,3,2,3,179,2018-06-01T06:30:53Z,MDExOlB1bGxSZXF1ZXN0MTkxOTQ1MDc3
https://github.com/PanJiaChen/vue-element-admin,2018-11-02T07:07:40Z,MERGED,2,2,2,22,20,2018-11-02T04:20:06Z,MDExOlB1bGxSZXF1ZXN0MjI3ODI3NTUw
https://github.com/PanJiaChen/vue-element-admin,2019-01-24T07:32:36Z,MERGED,3,1,2,7,54,2019-01-23T05:33:05Z,MDExOlB1bGxSZXF1ZXN0MjQ2ODQzNzA4
https://github.com/PanJiaChen/vue-element-admin,2019-03-17T08:36:10Z,MERGED,2,1,2,50,54,2019-03-15T10:04:27Z,MDExOlB1bGxSZXF1ZXN0MjYxNDg5MjY5
https://github.com/PanJiaChen/vue-element-admin,2019-04-16T06:56:08Z,MERGED,1,0,3,8,0,2019-04-16T03:33:57Z,MDExOlB1bGxSZXF1ZXN0MjcwNzQyMjEx
https://github.com/PanJiaChen/vue-element-admin,2019-05-20T03:10:31Z,MERGED,2,1,2,2,435,2019-05-09T16:33:28Z,MDExOlB1bGxSZXF1ZXN0Mjc3NDYzOTEx
https://github.com/PanJiaChen/vue-element-admin,2017-12-13T09:43:03Z,MERGED,1,0,2,309,64,2017-12-12T01:54:38Z,MDExOlB1bGxSZXF1ZXN0MTU3NzE4MTQz
https://github.com/PanJiaChen/vue-element-admin,2018-05-02T02:27:48Z,MERGED,1,0,2,4,69,2018-04-25T06:29:46Z,MDExOlB1bGxSZXF1ZXN0MTgzOTM1NDk5
https://github.com/PanJiaChen/vue-element-admin,2018-06-01T07:38:09Z,MERGED,1,3,2,3,179,2018-06-01T06:30:53Z,MDExOlB1bGxSZXF1ZXN0MTkxOTQ1MDc3
https://github.com/PanJiaChen/vue-element-admin,2018-11-02T07:07:40Z,MERGED,2,2,2,22,20,2018-11-02T04:20:06Z,MDExOlB1bGxSZXF1ZXN0MjI3ODI3NTUw
https://github.com/PanJiaChen/vue-element-admin,2019-01-24T07:32:36Z,MERGED,3,1,2,7,54,2019-01-23T05:33:05Z,MDExOlB1bGxSZXF1ZXN0MjQ2ODQzNzA4
https://github.com/PanJiaChen/vue-element-admin,2019-03-17T08:36:10Z,MERGED,2,1,2,50,54,2019-03-15T10:04:27Z,MDExOlB1bGxSZXF1ZXN0MjYxNDg5MjY5
https://github.com/PanJiaChen/vue-element-admin,2019-04-16T06:56:08Z,MERGED,1,0,3,8,0,2019-04-16T03:33:57Z,MDExOlB1bGxSZXF1ZXN0MjcwNzQyMjEx
https://github.com/PanJiaChen/vue-element-admin,2019-05-20T03:10:31Z,MERGED,2,1,2,2,435,2019-05-09T16:33:28Z,MDExOlB1bGxSZXF1ZXN0Mjc3NDYzOTEx
https://github.com/PanJiaChen/vue-element-admin,2020-05-04T13:38:44Z,MERGED,2,1,2,75,0,2019-10-09T15:07:41Z,MDExOlB1bGxSZXF1ZXN0MzI2MzA0Njkz
